accession,dataset_id,gene_symbol,selection_frequency,consensus_threshold,in_consensus_set,primary_theme
E-GEOD-20685,1,CD3D,0.82,0.6,TRUE,immune
E-GEOD-20685,1,FAM113A,0.63,0.6,TRUE,adhesion
E-GEOD-20685,1,FAM123A,0.75,0.6,TRUE,immune
E-GEOD-20685,1,FAM133A,0.75,0.6,TRUE,immune
E-GEOD-20685,1,FAM138A,0.69,0.6,TRUE,cytokine
E-GEOD-20685,1,FAM143A,0.75,0.6,TRUE,immune
E-GEOD-20685,1,FAM155A,0.92,0.6,TRUE,adhesion
E-GEOD-20685,1,FAM15A,0.63,0.6,TRUE,cytokine
E-GEOD-20685,1,FAM24A,0.65,0.6,TRUE,adhesion
E-GEOD-20685,1,FAM41A,0.65,0.6,TRUE,cytokine
E-GEOD-20685,1,FAM54A,0.94,0.6,TRUE,adhesion
E-GEOD-20685,1,FAM72A,0.81,0.6,TRUE,cytokine
E-GEOD-20685,1,FAM82A,0.83,0.6,TRUE,adhesion
E-GEOD-20685,1,IFIT1,0.93,0.6,TRUE,immune
E-GEOD-20685,1,IRF9,0.89,0.6,TRUE,immune
E-GEOD-20685,1,ISG15,0.84,0.6,TRUE,immune
E-GEOD-20685,1,JAK1,0.89,0.6,TRUE,immune
E-GEOD-20685,1,JAM2,0.74,0.6,TRUE,adhesion
E-GEOD-20685,1,TJP1,0.66,0.6,TRUE,adhesion
E-GEOD-20685,1,TMEM110,0.68,0.6,TRUE,cytokine
E-GEOD-20685,1,TMEM118,0.8,0.6,TRUE,adhesion
E-GEOD-20685,1,TMEM121,0.92,0.6,TRUE,adhesion
E-GEOD-20685,1,TMEM127,0.74,0.6,TRUE,immune
E-GEOD-20685,1,TMEM13,0.77,0.6,TRUE,cytokine
E-GEOD-20685,1,TMEM14,0.91,0.6,TRUE,immune
E-GEOD-20685,1,TMEM152,0.85,0.6,TRUE,adhesion
E-GEOD-20685,1,TMEM156,0.93,0.6,TRUE,immune
E-GEOD-20685,1,TMEM157,0.7,0.6,TRUE,adhesion
E-GEOD-20685,1,TMEM16,0.71,0.6,TRUE,adhesion
E-GEOD-20685,1,TMEM163,0.74,0.6,TRUE,immune
E-GEOD-20685,1,TMEM164,0.81,0.6,TRUE,immune
E-GEOD-20685,1,TMEM18,0.73,0.6,TRUE,cytokine
E-GEOD-20685,1,TMEM184,0.76,0.6,TRUE,cytokine
E-GEOD-20685,1,TMEM195,0.6,0.6,TRUE,immune
E-GEOD-20685,1,TMEM197,0.69,0.6,TRUE,adhesion
E-GEOD-20685,1,TMEM205,0.67,0.6,TRUE,immune
E-GEOD-20685,1,TMEM27,0.6,0.6,TRUE,immune
E-GEOD-20685,1,TMEM28,0.79,0.6,TRUE,cytokine
E-GEOD-20685,1,TMEM40,0.85,0.6,TRUE,immune
E-GEOD-20685,1,TMEM41,0.83,0.6,TRUE,adhesion
E-GEOD-20685,1,TMEM73,0.93,0.6,TRUE,immune
E-GEOD-20685,1,TMEM85,0.66,0.6,TRUE,adhesion
E-GEOD-20685,1,ZNF113,0.92,0.6,TRUE,generic
E-GEOD-20685,1,ZNF120,0.65,0.6,TRUE,immune
E-GEOD-20685,1,ZNF132,0.69,0.6,TRUE,adhesion
E-GEOD-20685,1,ZNF136,0.74,0.6,TRUE,adhesion
E-GEOD-20685,1,ZNF162,0.78,0.6,TRUE,cytokine
E-GEOD-20685,1,ZNF175,0.84,0.6,TRUE,cytokine
E-GEOD-20685,1,ZNF184,0.64,0.6,TRUE,immune
E-GEOD-20685,1,ZNF188,0.66,0.6,TRUE,cytokine
E-GEOD-20685,1,ZNF210,0.72,0.6,TRUE,immune
E-GEOD-20685,1,ZNF212,0.64,0.6,TRUE,immune
E-GEOD-20685,1,ZNF232,0.89,0.6,TRUE,immune
E-GEOD-20685,1,ZNF235,0.87,0.6,TRUE,cytokine
E-GEOD-20685,1,ZNF244,0.85,0.6,TRUE,adhesion
E-GEOD-20685,1,ZNF248,0.73,0.6,TRUE,immune
E-GEOD-20685,1,ZNF250,0.9,0.6,TRUE,immune
E-GEOD-20685,1,ZNF251,0.9,0.6,TRUE,adhesion
E-GEOD-20685,1,ZNF253,0.75,0.6,TRUE,adhesion
E-GEOD-20685,1,ZNF259,0.77,0.6,TRUE,immune
E-GEOD-20685,1,ZNF274,0.93,0.6,TRUE,immune
E-GEOD-20685,1,ZNF291,0.72,0.6,TRUE,cytokine
E-GEOD-20685,1,ZNF299,0.93,0.6,TRUE,immune
E-GEOD-20685,1,ZNF319,0.95,0.6,TRUE,cytokine
E-GEOD-20685,1,ZNF325,0.8,0.6,TRUE,adhesion
E-GEOD-20685,1,ZNF335,0.68,0.6,TRUE,immune
E-GEOD-20685,1,ZNF336,0.89,0.6,TRUE,cytokine
E-GEOD-20685,1,ZNF340,0.95,0.6,TRUE,cytokine
E-GEOD-20685,1,ZNF353,0.7,0.6,TRUE,adhesion
E-GEOD-20685,1,ZNF360,0.69,0.6,TRUE,generic
E-GEOD-20685,1,ZNF376,0.91,0.6,TRUE,immune
E-GEOD-20685,1,ZNF411,0.79,0.6,TRUE,cytokine
E-GEOD-20685,1,ZNF419,0.77,0.6,TRUE,immune
E-GEOD-20685,1,ZNF430,0.81,0.6,TRUE,immune
E-GEOD-20685,1,ZNF469,0.61,0.6,TRUE,cytokine
E-GEOD-20685,1,ZNF478,0.84,0.6,TRUE,adhesion
E-GEOD-20685,1,ZNF520,0.63,0.6,TRUE,immune
E-GEOD-20685,1,ZNF537,0.87,0.6,TRUE,immune
E-GEOD-20685,1,ZNF563,0.71,0.6,TRUE,adhesion
E-GEOD-20685,1,ZNF582,0.78,0.6,TRUE,immune
E-GEOD-20685,1,ZNF587,0.82,0.6,TRUE,adhesion
E-GEOD-20685,1,ZNF588,0.88,0.6,TRUE,adhesion
E-GEOD-20685,1,ZNF592,0.89,0.6,TRUE,immune
E-GEOD-20685,1,ZNF596,0.82,0.6,TRUE,immune
E-GEOD-20711,2,FAM104A,0.96,0.6,TRUE,stress
E-GEOD-20711,2,FAM153A,0.76,0.6,TRUE,cell_cycle
E-GEOD-20711,2,TMEM102,0.89,0.6,TRUE,cell_cycle
E-GEOD-20711,2,TMEM119,0.94,0.6,TRUE,stress
E-GEOD-20711,2,TMEM123,0.89,0.6,TRUE,stress
E-GEOD-20711,2,TMEM189,0.66,0.6,TRUE,stress
E-GEOD-20711,2,TMEM209,0.65,0.6,TRUE,cell_cycle
E-GEOD-20711,2,TMEM25,0.61,0.6,TRUE,cell_cycle
E-GEOD-20711,2,TMEM44,0.61,0.6,TRUE,stress
E-GEOD-20711,2,TMEM54,0.73,0.6,TRUE,cell_cycle
E-GEOD-20711,2,ZNF214,0.93,0.6,TRUE,stress
E-GEOD-20711,2,ZNF244,0.8,0.6,TRUE,stress
E-GEOD-20711,2,ZNF271,0.86,0.6,TRUE,stress
E-GEOD-20711,2,ZNF289,0.87,0.6,TRUE,stress
E-GEOD-20711,2,ZNF298,0.64,0.6,TRUE,cell_cycle
E-GEOD-20711,2,ZNF399,0.76,0.6,TRUE,stress
E-GEOD-20711,2,ZNF406,0.77,0.6,TRUE,stress
E-GEOD-20711,2,ZNF440,0.71,0.6,TRUE,cell_cycle
E-GEOD-20711,2,ZNF470,0.83,0.6,TRUE,cell_cycle
E-GEOD-20711,2,ZNF506,0.68,0.6,TRUE,stress
E-GEOD-20711,2,ZNF583,0.65,0.6,TRUE,cell_cycle
E-GEOD-20711,2,ZNF597,0.77,0.6,TRUE,cell_cycle
E-GEOD-21050,3,BMP7,0.7,0.6,TRUE,development
E-GEOD-21050,3,FAM127A,0.74,0.6,TRUE,development
E-GEOD-21050,3,TMEM102,0.88,0.6,TRUE,development
E-GEOD-21050,3,TMEM108,0.81,0.6,TRUE,differentiation
E-GEOD-21050,3,TMEM88,0.86,0.6,TRUE,development
E-GEOD-21050,3,ZNF230,0.8,0.6,TRUE,development
E-GEOD-21050,3,ZNF241,0.62,0.6,TRUE,development
E-GEOD-21050,3,ZNF275,0.69,0.6,TRUE,development
E-GEOD-21050,3,ZNF292,0.74,0.6,TRUE,differentiation
E-GEOD-21050,3,ZNF296,0.68,0.6,TRUE,development
E-GEOD-21050,3,ZNF299,0.74,0.6,TRUE,differentiation
E-GEOD-21050,3,ZNF394,0.64,0.6,TRUE,development
E-GEOD-21050,3,ZNF396,0.93,0.6,TRUE,differentiation
E-GEOD-21050,3,ZNF409,0.87,0.6,TRUE,development
E-GEOD-21050,3,ZNF410,0.79,0.6,TRUE,development
E-GEOD-21050,3,ZNF530,0.91,0.6,TRUE,generic
E-GEOD-21050,3,ZNF554,0.75,0.6,TRUE,differentiation
E-GEOD-21050,3,ZNF577,0.61,0.6,TRUE,generic
E-GEOD-21050,3,ZNF591,0.91,0.6,TRUE,development
E-GEOD-21122,4,FAM100A,0.68,0.6,TRUE,antigen
E-GEOD-21122,4,FAM146A,0.66,0.6,TRUE,antigen
E-GEOD-21122,4,FAM14A,0.81,0.6,TRUE,antigen
E-GEOD-21122,4,FAM68A,0.78,0.6,TRUE,antigen
E-GEOD-21122,4,HLA-DQB1,0.81,0.6,TRUE,antigen
E-GEOD-21122,4,TMEM100,0.73,0.6,TRUE,inflammation
E-GEOD-21122,4,TMEM136,0.95,0.6,TRUE,antigen
E-GEOD-21122,4,TMEM164,0.64,0.6,TRUE,inflammation
E-GEOD-21122,4,TMEM63,0.65,0.6,TRUE,inflammation
E-GEOD-21122,4,TMEM74,0.88,0.6,TRUE,antigen
E-GEOD-21122,4,TMEM85,0.67,0.6,TRUE,antigen
E-GEOD-21122,4,ZNF121,0.95,0.6,TRUE,antigen
E-GEOD-21122,4,ZNF189,0.75,0.6,TRUE,generic
E-GEOD-21122,4,ZNF207,0.86,0.6,TRUE,inflammation
E-GEOD-21122,4,ZNF217,0.6,0.6,TRUE,antigen
E-GEOD-21122,4,ZNF237,0.6,0.6,TRUE,antigen
E-GEOD-21122,4,ZNF239,0.82,0.6,TRUE,inflammation
E-GEOD-21122,4,ZNF240,0.69,0.6,TRUE,antigen
E-GEOD-21122,4,ZNF241,0.84,0.6,TRUE,antigen
E-GEOD-21122,4,ZNF247,0.67,0.6,TRUE,antigen
E-GEOD-21122,4,ZNF268,0.88,0.6,TRUE,inflammation
E-GEOD-21122,4,ZNF282,0.93,0.6,TRUE,inflammation
E-GEOD-21122,4,ZNF328,0.77,0.6,TRUE,inflammation
E-GEOD-21122,4,ZNF335,0.94,0.6,TRUE,antigen
E-GEOD-21122,4,ZNF415,0.79,0.6,TRUE,inflammation
E-GEOD-21122,4,ZNF473,0.78,0.6,TRUE,generic
E-GEOD-21122,4,ZNF487,0.87,0.6,TRUE,inflammation
E-GEOD-21122,4,ZNF499,0.87,0.6,TRUE,inflammation
E-GEOD-21122,4,ZNF501,0.71,0.6,TRUE,inflammation
E-GEOD-21122,4,ZNF503,0.71,0.6,TRUE,antigen
E-GEOD-21122,4,ZNF530,0.82,0.6,TRUE,antigen
E-GEOD-21122,4,ZNF535,0.9,0.6,TRUE,antigen
E-GEOD-21122,4,ZNF599,0.72,0.6,TRUE,antigen
E-GEOD-29354,5,FAM25A,0.76,0.6,TRUE,cell_cycle
E-GEOD-29354,5,FAM35A,0.67,0.6,TRUE,cytokine
E-GEOD-29354,5,TMEM115,0.81,0.6,TRUE,cell_cycle
E-GEOD-29354,5,TMEM172,0.92,0.6,TRUE,cell_cycle
E-GEOD-29354,5,TMEM64,0.61,0.6,TRUE,apoptosis
E-GEOD-29354,5,ZNF124,0.9,0.6,TRUE,apoptosis
E-GEOD-29354,5,ZNF180,0.74,0.6,TRUE,apoptosis
E-GEOD-29354,5,ZNF223,0.81,0.6,TRUE,generic
E-GEOD-29354,5,ZNF225,0.85,0.6,TRUE,cell_cycle
E-GEOD-29354,5,ZNF237,0.86,0.6,TRUE,generic
E-GEOD-29354,5,ZNF292,0.6,0.6,TRUE,cytokine
E-GEOD-29354,5,ZNF367,0.71,0.6,TRUE,apoptosis
E-GEOD-29354,5,ZNF399,0.94,0.6,TRUE,cell_cycle
E-GEOD-29354,5,ZNF468,0.7,0.6,TRUE,cell_cycle
E-GEOD-30784,6,BIK,0.95,0.6,TRUE,stimulus
E-GEOD-30784,6,COL6A3,0.83,0.6,TRUE,extracellular
E-GEOD-30784,6,FAM140A,0.83,0.6,TRUE,extracellular
E-GEOD-30784,6,FAM154A,0.94,0.6,TRUE,stimulus
E-GEOD-30784,6,FAM16A,0.8,0.6,TRUE,stimulus
E-GEOD-30784,6,MMP9,0.73,0.6,TRUE,extracellular
E-GEOD-30784,6,MYD88,0.64,0.6,TRUE,stimulus
E-GEOD-30784,6,TMEM116,0.9,0.6,TRUE,extracellular
E-GEOD-30784,6,TMEM146,0.77,0.6,TRUE,extracellular
E-GEOD-30784,6,TMEM151,0.89,0.6,TRUE,extracellular
E-GEOD-30784,6,TMEM186,0.85,0.6,TRUE,extracellular
E-GEOD-30784,6,TMEM209,0.89,0.6,TRUE,stimulus
E-GEOD-30784,6,TMEM210,0.83,0.6,TRUE,stimulus
E-GEOD-30784,6,TMEM68,0.62,0.6,TRUE,stimulus
E-GEOD-30784,6,ZNF112,0.71,0.6,TRUE,generic
E-GEOD-30784,6,ZNF119,0.68,0.6,TRUE,extracellular
E-GEOD-30784,6,ZNF135,0.64,0.6,TRUE,extracellular
E-GEOD-30784,6,ZNF141,0.85,0.6,TRUE,extracellular
E-GEOD-30784,6,ZNF159,0.86,0.6,TRUE,extracellular
E-GEOD-30784,6,ZNF224,0.87,0.6,TRUE,stimulus
E-GEOD-30784,6,ZNF226,0.68,0.6,TRUE,extracellular
E-GEOD-30784,6,ZNF232,0.72,0.6,TRUE,generic
E-GEOD-30784,6,ZNF235,0.75,0.6,TRUE,stimulus
E-GEOD-30784,6,ZNF241,0.62,0.6,TRUE,stimulus
E-GEOD-30784,6,ZNF273,0.86,0.6,TRUE,extracellular
E-GEOD-30784,6,ZNF274,0.78,0.6,TRUE,stimulus
E-GEOD-30784,6,ZNF326,0.73,0.6,TRUE,extracellular
E-GEOD-30784,6,ZNF330,0.97,0.6,TRUE,generic
E-GEOD-30784,6,ZNF369,0.64,0.6,TRUE,extracellular
E-GEOD-30784,6,ZNF378,0.77,0.6,TRUE,extracellular
E-GEOD-30784,6,ZNF402,0.9,0.6,TRUE,stimulus
E-GEOD-30784,6,ZNF425,0.62,0.6,TRUE,extracellular
E-GEOD-30784,6,ZNF428,0.68,0.6,TRUE,extracellular
E-GEOD-30784,6,ZNF448,0.87,0.6,TRUE,stimulus
E-GEOD-30784,6,ZNF462,0.8,0.6,TRUE,extracellular
E-GEOD-30784,6,ZNF524,0.78,0.6,TRUE,generic
E-GEOD-30784,6,ZNF557,0.66,0.6,TRUE,stimulus
E-GEOD-30784,6,ZNF574,0.77,0.6,TRUE,stimulus
E-GEOD-30784,6,ZNF576,0.95,0.6,TRUE,extracellular
E-GEOD-30784,6,ZNF596,0.94,0.6,TRUE,extracellular
E-GEOD-30784,6,ZNF599,0.7,0.6,TRUE,stimulus
E-GEOD-31312,7,CD40,0.93,0.6,TRUE,immune
E-GEOD-31312,7,COX6A1,0.92,0.6,TRUE,metabolism
E-GEOD-31312,7,FAM106A,0.71,0.6,TRUE,immune
E-GEOD-31312,7,FAM121A,0.62,0.6,TRUE,metabolism
E-GEOD-31312,7,FAM130A,0.9,0.6,TRUE,immune
E-GEOD-31312,7,FAM132A,0.71,0.6,TRUE,metabolism
E-GEOD-31312,7,FAM135A,0.91,0.6,TRUE,metabolism
E-GEOD-31312,7,FAM150A,0.74,0.6,TRUE,immune
E-GEOD-31312,7,FAM26A,0.95,0.6,TRUE,immune
E-GEOD-31312,7,FAM38A,0.61,0.6,TRUE,metabolism
E-GEOD-31312,7,FAM51A,0.65,0.6,TRUE,metabolism
E-GEOD-31312,7,FAM75A,0.67,0.6,TRUE,metabolism
E-GEOD-31312,7,FAM86A,0.65,0.6,TRUE,immune
E-GEOD-31312,7,FAM87A,0.84,0.6,TRUE,metabolism
E-GEOD-31312,7,FAM88A,0.71,0.6,TRUE,immune
E-GEOD-31312,7,FAM96A,0.61,0.6,TRUE,immune
E-GEOD-31312,7,HK3,0.79,0.6,TRUE,metabolism
E-GEOD-31312,7,IFI35,0.69,0.6,TRUE,immune
E-GEOD-31312,7,PSMB9,0.87,0.6,TRUE,immune
E-GEOD-31312,7,TMEM105,0.86,0.6,TRUE,immune
E-GEOD-31312,7,TMEM127,0.8,0.6,TRUE,metabolism
E-GEOD-31312,7,TMEM131,0.83,0.6,TRUE,immune
E-GEOD-31312,7,TMEM145,0.88,0.6,TRUE,metabolism
E-GEOD-31312,7,TMEM156,0.86,0.6,TRUE,metabolism
E-GEOD-31312,7,TMEM177,0.69,0.6,TRUE,immune
E-GEOD-31312,7,TMEM194,0.96,0.6,TRUE,metabolism
E-GEOD-31312,7,TMEM50,0.78,0.6,TRUE,immune
E-GEOD-31312,7,TMEM61,0.89,0.6,TRUE,immune
E-GEOD-31312,7,ZNF117,0.83,0.6,TRUE,immune
E-GEOD-31312,7,ZNF126,0.86,0.6,TRUE,metabolism
E-GEOD-31312,7,ZNF143,0.75,0.6,TRUE,metabolism
E-GEOD-31312,7,ZNF157,0.94,0.6,TRUE,immune
E-GEOD-31312,7,ZNF164,0.62,0.6,TRUE,immune
E-GEOD-31312,7,ZNF181,0.61,0.6,TRUE,immune
E-GEOD-31312,7,ZNF213,0.72,0.6,TRUE,metabolism
E-GEOD-31312,7,ZNF243,0.71,0.6,TRUE,immune
E-GEOD-31312,7,ZNF252,0.87,0.6,TRUE,immune
E-GEOD-31312,7,ZNF256,0.74,0.6,TRUE,immune
E-GEOD-31312,7,ZNF257,0.81,0.6,TRUE,immune
E-GEOD-31312,7,ZNF318,0.87,0.6,TRUE,metabolism
E-GEOD-31312,7,ZNF336,0.89,0.6,TRUE,metabolism
E-GEOD-31312,7,ZNF337,0.78,0.6,TRUE,metabolism
E-GEOD-31312,7,ZNF339,0.76,0.6,TRUE,generic
E-GEOD-31312,7,ZNF342,0.67,0.6,TRUE,generic
E-GEOD-31312,7,ZNF362,0.68,0.6,TRUE,metabolism
E-GEOD-31312,7,ZNF414,0.85,0.6,TRUE,generic
E-GEOD-31312,7,ZNF450,0.65,0.6,TRUE,immune
E-GEOD-31312,7,ZNF457,0.93,0.6,TRUE,immune
E-GEOD-31312,7,ZNF462,0.82,0.6,TRUE,immune
E-GEOD-31312,7,ZNF483,0.74,0.6,TRUE,generic
E-GEOD-31312,7,ZNF485,0.76,0.6,TRUE,immune
E-GEOD-31312,7,ZNF509,0.9,0.6,TRUE,metabolism
E-GEOD-31312,7,ZNF524,0.74,0.6,TRUE,generic
E-GEOD-31312,7,ZNF530,0.92,0.6,TRUE,immune
E-GEOD-31312,7,ZNF536,0.77,0.6,TRUE,immune
E-GEOD-31312,7,ZNF541,0.78,0.6,TRUE,metabolism
E-GEOD-31312,7,ZNF560,0.71,0.6,TRUE,metabolism
E-GEOD-31552,8,FAM11A,0.76,0.6,TRUE,transport
E-GEOD-31552,8,FAM120A,0.93,0.6,TRUE,transport
E-GEOD-31552,8,FAM34A,0.63,0.6,TRUE,transport
E-GEOD-31552,8,FAM47A,0.72,0.6,TRUE,signaling
E-GEOD-31552,8,FAM77A,0.75,0.6,TRUE,signaling
E-GEOD-31552,8,TMEM108,0.69,0.6,TRUE,transport
E-GEOD-31552,8,TMEM130,0.79,0.6,TRUE,transport
E-GEOD-31552,8,TMEM162,0.76,0.6,TRUE,transport
E-GEOD-31552,8,TMEM204,0.67,0.6,TRUE,transport
E-GEOD-31552,8,TMEM209,0.94,0.6,TRUE,signaling
E-GEOD-31552,8,TMEM33,0.84,0.6,TRUE,signaling
E-GEOD-31552,8,ZNF256,0.63,0.6,TRUE,transport
E-GEOD-31552,8,ZNF292,0.87,0.6,TRUE,signaling
E-GEOD-31552,8,ZNF328,0.68,0.6,TRUE,signaling
E-GEOD-31552,8,ZNF335,0.92,0.6,TRUE,signaling
E-GEOD-31552,8,ZNF344,0.83,0.6,TRUE,signaling
E-GEOD-31552,8,ZNF355,0.8,0.6,TRUE,signaling
E-GEOD-31552,8,ZNF423,0.8,0.6,TRUE,signaling
E-GEOD-31552,8,ZNF450,0.68,0.6,TRUE,signaling
E-GEOD-31552,8,ZNF474,0.62,0.6,TRUE,generic
E-GEOD-31552,8,ZNF479,0.82,0.6,TRUE,transport
E-GEOD-31552,8,ZNF505,0.87,0.6,TRUE,signaling
E-GEOD-31552,8,ZNF521,0.88,0.6,TRUE,generic
E-GEOD-31552,8,ZNF550,0.75,0.6,TRUE,signaling
E-GEOD-32537,9,FAM114A,0.62,0.6,TRUE,immune
E-GEOD-32537,9,FAM142A,0.61,0.6,TRUE,immune
E-GEOD-32537,9,HLA-B,0.64,0.6,TRUE,immune
E-GEOD-32537,9,TMEM136,0.88,0.6,TRUE,immune
E-GEOD-32537,9,TMEM190,0.77,0.6,TRUE,development
E-GEOD-32537,9,TMEM44,0.79,0.6,TRUE,development
E-GEOD-32537,9,TMEM47,0.83,0.6,TRUE,development
E-GEOD-32537,9,ZNF114,0.72,0.6,TRUE,development
E-GEOD-32537,9,ZNF140,0.66,0.6,TRUE,immune
E-GEOD-32537,9,ZNF223,0.96,0.6,TRUE,immune
E-GEOD-32537,9,ZNF269,0.72,0.6,TRUE,immune
E-GEOD-32537,9,ZNF405,0.72,0.6,TRUE,immune
E-GEOD-32537,9,ZNF412,0.83,0.6,TRUE,immune
E-GEOD-32537,9,ZNF503,0.91,0.6,TRUE,generic
E-GEOD-32537,9,ZNF548,0.93,0.6,TRUE,immune
E-GEOD-32537,9,ZNF570,0.9,0.6,TRUE,immune
E-GEOD-33315,10,CEBPD,0.84,0.6,TRUE,inflammation
E-GEOD-33315,10,FAM101A,0.77,0.6,TRUE,inflammation
E-GEOD-33315,10,FAM103A,0.9,0.6,TRUE,matrix
E-GEOD-33315,10,FAM107A,0.88,0.6,TRUE,matrix
E-GEOD-33315,10,FAM11A,0.92,0.6,TRUE,inflammation
E-GEOD-33315,10,FAM134A,0.64,0.6,TRUE,matrix
E-GEOD-33315,10,FAM156A,0.8,0.6,TRUE,matrix
E-GEOD-33315,10,FAM24A,0.88,0.6,TRUE,matrix
E-GEOD-33315,10,FAM40A,0.7,0.6,TRUE,matrix
E-GEOD-33315,10,FAM75A,0.67,0.6,TRUE,inflammation
E-GEOD-33315,10,FAM96A,0.61,0.6,TRUE,matrix
E-GEOD-33315,10,IRAK1,0.6,0.6,TRUE,inflammation
E-GEOD-33315,10,ITGAV,0.67,0.6,TRUE,matrix
E-GEOD-33315,10,ITGB7,0.89,0.6,TRUE,matrix
E-GEOD-33315,10,LAMA3,0.98,0.6,TRUE,matrix
E-GEOD-33315,10,MMP2,0.6,0.6,TRUE,matrix
E-GEOD-33315,10,SERPINE1,0.92,0.6,TRUE,inflammation
E-GEOD-33315,10,TMEM101,0.75,0.6,TRUE,matrix
E-GEOD-33315,10,TMEM104,0.84,0.6,TRUE,inflammation
E-GEOD-33315,10,TMEM109,0.77,0.6,TRUE,matrix
E-GEOD-33315,10,TMEM116,0.71,0.6,TRUE,inflammation
E-GEOD-33315,10,TMEM128,0.89,0.6,TRUE,inflammation
E-GEOD-33315,10,TMEM141,0.94,0.6,TRUE,inflammation
E-GEOD-33315,10,TMEM145,0.71,0.6,TRUE,matrix
E-GEOD-33315,10,TMEM152,0.83,0.6,TRUE,inflammation
E-GEOD-33315,10,TMEM168,0.65,0.6,TRUE,matrix
E-GEOD-33315,10,TMEM183,0.76,0.6,TRUE,matrix
E-GEOD-33315,10,TMEM187,0.81,0.6,TRUE,matrix
E-GEOD-33315,10,TMEM48,0.8,0.6,TRUE,inflammation
E-GEOD-33315,10,TMEM65,0.92,0.6,TRUE,inflammation
E-GEOD-33315,10,TMEM69,0.8,0.6,TRUE,matrix
E-GEOD-33315,10,TMEM74,0.64,0.6,TRUE,matrix
E-GEOD-33315,10,ZNF113,0.76,0.6,TRUE,inflammation
E-GEOD-33315,10,ZNF126,0.81,0.6,TRUE,matrix
E-GEOD-33315,10,ZNF127,0.86,0.6,TRUE,inflammation
E-GEOD-33315,10,ZNF130,0.65,0.6,TRUE,matrix
E-GEOD-33315,10,ZNF143,0.71,0.6,TRUE,matrix
E-GEOD-33315,10,ZNF152,0.89,0.6,TRUE,inflammation
E-GEOD-33315,10,ZNF153,0.76,0.6,TRUE,generic
E-GEOD-33315,10,ZNF154,0.97,0.6,TRUE,matrix
E-GEOD-33315,10,ZNF155,0.66,0.6,TRUE,inflammation
E-GEOD-33315,10,ZNF185,0.94,0.6,TRUE,inflammation
E-GEOD-33315,10,ZNF202,0.72,0.6,TRUE,matrix
E-GEOD-33315,10,ZNF210,0.66,0.6,TRUE,generic
E-GEOD-33315,10,ZNF230,0.89,0.6,TRUE,inflammation
E-GEOD-33315,10,ZNF231,0.66,0.6,TRUE,inflammation
E-GEOD-33315,10,ZNF250,0.72,0.6,TRUE,inflammation
E-GEOD-33315,10,ZNF262,0.71,0.6,TRUE,generic
E-GEOD-33315,10,ZNF266,0.95,0.6,TRUE,inflammation
E-GEOD-33315,10,ZNF270,0.97,0.6,TRUE,matrix
E-GEOD-33315,10,ZNF288,0.63,0.6,TRUE,matrix
E-GEOD-33315,10,ZNF316,0.7,0.6,TRUE,generic
E-GEOD-33315,10,ZNF321,0.68,0.6,TRUE,inflammation
E-GEOD-33315,10,ZNF335,0.8,0.6,TRUE,generic
E-GEOD-33315,10,ZNF338,0.78,0.6,TRUE,inflammation
E-GEOD-33315,10,ZNF355,0.85,0.6,TRUE,inflammation
E-GEOD-33315,10,ZNF373,0.65,0.6,TRUE,inflammation
E-GEOD-33315,10,ZNF387,0.85,0.6,TRUE,inflammation
E-GEOD-33315,10,ZNF388,0.83,0.6,TRUE,matrix
E-GEOD-33315,10,ZNF403,0.94,0.6,TRUE,matrix
E-GEOD-33315,10,ZNF412,0.83,0.6,TRUE,matrix
E-GEOD-33315,10,ZNF459,0.84,0.6,TRUE,inflammation
E-GEOD-33315,10,ZNF462,0.74,0.6,TRUE,generic
E-GEOD-33315,10,ZNF489,0.75,0.6,TRUE,generic
E-GEOD-33315,10,ZNF490,0.79,0.6,TRUE,inflammation
E-GEOD-33315,10,ZNF500,0.63,0.6,TRUE,matrix
E-GEOD-33315,10,ZNF501,0.78,0.6,TRUE,inflammation
E-GEOD-33315,10,ZNF573,0.63,0.6,TRUE,matrix
E-GEOD-33315,10,ZNF584,0.71,0.6,TRUE,inflammation
E-GEOD-33315,10,ZNF587,0.89,0.6,TRUE,inflammation
E-GEOD-33315,10,ZNF591,0.93,0.6,TRUE,matrix
E-GEOD-36895,11,FAM115A,0.88,0.6,TRUE,antigen
E-GEOD-36895,11,FAM153A,0.65,0.6,TRUE,interferon
E-GEOD-36895,11,FAM39A,0.78,0.6,TRUE,antigen
E-GEOD-36895,11,FAM87A,0.71,0.6,TRUE,antigen
E-GEOD-36895,11,TMEM112,0.94,0.6,TRUE,antigen
E-GEOD-36895,11,TMEM124,0.7,0.6,TRUE,interferon
E-GEOD-36895,11,TMEM71,0.8,0.6,TRUE,interferon
E-GEOD-36895,11,ZNF119,0.86,0.6,TRUE,antigen
E-GEOD-36895,11,ZNF188,0.94,0.6,TRUE,interferon
E-GEOD-36895,11,ZNF205,0.78,0.6,TRUE,antigen
E-GEOD-36895,11,ZNF219,0.62,0.6,TRUE,generic
E-GEOD-36895,11,ZNF229,0.74,0.6,TRUE,antigen
E-GEOD-36895,11,ZNF309,0.66,0.6,TRUE,leukocyte
E-GEOD-36895,11,ZNF353,0.82,0.6,TRUE,leukocyte
E-GEOD-36895,11,ZNF425,0.65,0.6,TRUE,antigen
E-GEOD-36895,11,ZNF426,0.83,0.6,TRUE,antigen
E-GEOD-36895,11,ZNF536,0.64,0.6,TRUE,leukocyte
E-GEOD-36895,11,ZNF570,0.91,0.6,TRUE,antigen
E-GEOD-37364,12,FAM11A,0.66,0.6,TRUE,signaling
E-GEOD-37364,12,FAM35A,0.84,0.6,TRUE,signaling
E-GEOD-37364,12,FAM42A,0.69,0.6,TRUE,signaling
E-GEOD-37364,12,FAM76A,0.75,0.6,TRUE,stress
E-GEOD-37364,12,FAM98A,0.69,0.6,TRUE,stress
E-GEOD-37364,12,TMEM100,0.68,0.6,TRUE,signaling
E-GEOD-37364,12,TMEM155,0.76,0.6,TRUE,signaling
E-GEOD-37364,12,TMEM175,0.88,0.6,TRUE,signaling
E-GEOD-37364,12,TMEM203,0.88,0.6,TRUE,signaling
E-GEOD-37364,12,TMEM33,0.6,0.6,TRUE,stress
E-GEOD-37364,12,TMEM71,0.91,0.6,TRUE,signaling
E-GEOD-37364,12,TMEM82,0.84,0.6,TRUE,stress
E-GEOD-37364,12,ZNF176,0.81,0.6,TRUE,signaling
E-GEOD-37364,12,ZNF220,0.67,0.6,TRUE,stress
E-GEOD-37364,12,ZNF274,0.88,0.6,TRUE,signaling
E-GEOD-37364,12,ZNF308,0.7,0.6,TRUE,signaling
E-GEOD-37364,12,ZNF326,0.61,0.6,TRUE,stress
E-GEOD-37364,12,ZNF346,0.76,0.6,TRUE,signaling
E-GEOD-37364,12,ZNF368,0.77,0.6,TRUE,signaling
E-GEOD-37364,12,ZNF379,0.95,0.6,TRUE,stress
E-GEOD-37364,12,ZNF564,0.84,0.6,TRUE,signaling
E-GEOD-39582,13,ATP5MC3,0.96,0.6,TRUE,metabolism
E-GEOD-39582,13,CCL2,0.67,0.6,TRUE,inflammation
E-GEOD-39582,13,CEBPB,0.71,0.6,TRUE,inflammation
E-GEOD-39582,13,COL11A1,0.93,0.6,TRUE,matrix
E-GEOD-39582,13,COL4A1,0.88,0.6,TRUE,matrix
E-GEOD-39582,13,COL6A1,0.82,0.6,TRUE,matrix
E-GEOD-39582,13,CPT2,0.63,0.6,TRUE,metabolism
E-GEOD-39582,13,CXCL12,0.78,0.6,TRUE,inflammation
E-GEOD-39582,13,ENO3,0.93,0.6,TRUE,metabolism
E-GEOD-39582,13,FAM100A,0.7,0.6,TRUE,matrix
E-GEOD-39582,13,FAM102A,0.74,0.6,TRUE,inflammation
E-GEOD-39582,13,FAM104A,0.74,0.6,TRUE,matrix
E-GEOD-39582,13,FAM107A,0.92,0.6,TRUE,inflammation
E-GEOD-39582,13,FAM108A,0.74,0.6,TRUE,inflammation
E-GEOD-39582,13,FAM112A,0.87,0.6,TRUE,matrix
E-GEOD-39582,13,FAM114A,0.78,0.6,TRUE,matrix
E-GEOD-39582,13,FAM115A,0.71,0.6,TRUE,inflammation
E-GEOD-39582,13,FAM116A,0.95,0.6,TRUE,matrix
E-GEOD-39582,13,FAM117A,0.73,0.6,TRUE,metabolism
E-GEOD-39582,13,FAM118A,0.85,0.6,TRUE,matrix
E-GEOD-39582,13,FAM121A,0.72,0.6,TRUE,matrix
E-GEOD-39582,13,FAM123A,0.84,0.6,TRUE,inflammation
E-GEOD-39582,13,FAM125A,0.62,0.6,TRUE,inflammation
E-GEOD-39582,13,FAM126A,0.94,0.6,TRUE,metabolism
E-GEOD-39582,13,FAM128A,0.6,0.6,TRUE,inflammation
E-GEOD-39582,13,FAM130A,0.78,0.6,TRUE,inflammation
E-GEOD-39582,13,FAM133A,0.74,0.6,TRUE,matrix
E-GEOD-39582,13,FAM136A,0.86,0.6,TRUE,matrix
E-GEOD-39582,13,FAM137A,0.91,0.6,TRUE,inflammation
E-GEOD-39582,13,FAM140A,0.75,0.6,TRUE,inflammation
E-GEOD-39582,13,FAM142A,0.75,0.6,TRUE,matrix
E-GEOD-39582,13,FAM143A,0.76,0.6,TRUE,matrix
E-GEOD-39582,13,FAM146A,0.86,0.6,TRUE,matrix
E-GEOD-39582,13,FAM148A,0.69,0.6,TRUE,inflammation
E-GEOD-39582,13,FAM14A,0.71,0.6,TRUE,inflammation
E-GEOD-39582,13,FAM157A,0.91,0.6,TRUE,inflammation
E-GEOD-39582,13,FAM17A,0.64,0.6,TRUE,matrix
E-GEOD-39582,13,FAM20A,0.72,0.6,TRUE,matrix
E-GEOD-39582,13,FAM21A,0.69,0.6,TRUE,matrix
E-GEOD-39582,13,FAM22A,0.83,0.6,TRUE,matrix
E-GEOD-39582,13,FAM23A,0.87,0.6,TRUE,matrix
E-GEOD-39582,13,FAM24A,0.93,0.6,TRUE,matrix
E-GEOD-39582,13,FAM25A,0.88,0.6,TRUE,metabolism
E-GEOD-39582,13,FAM26A,0.64,0.6,TRUE,metabolism
E-GEOD-39582,13,FAM27A,0.79,0.6,TRUE,metabolism
E-GEOD-39582,13,FAM28A,0.82,0.6,TRUE,inflammation
E-GEOD-39582,13,FAM29A,0.7,0.6,TRUE,inflammation
E-GEOD-39582,13,FAM32A,0.81,0.6,TRUE,matrix
E-GEOD-39582,13,FAM35A,0.84,0.6,TRUE,inflammation
E-GEOD-39582,13,FAM37A,0.67,0.6,TRUE,matrix
E-GEOD-39582,13,FAM39A,0.72,0.6,TRUE,inflammation
E-GEOD-39582,13,FAM41A,0.62,0.6,TRUE,inflammation
E-GEOD-39582,13,FAM42A,0.67,0.6,TRUE,matrix
E-GEOD-39582,13,FAM43A,0.85,0.6,TRUE,metabolism
E-GEOD-39582,13,FAM44A,0.78,0.6,TRUE,metabolism
E-GEOD-39582,13,FAM45A,0.77,0.6,TRUE,metabolism
E-GEOD-39582,13,FAM48A,0.85,0.6,TRUE,inflammation
E-GEOD-39582,13,FAM49A,0.66,0.6,TRUE,metabolism
E-GEOD-39582,13,FAM50A,0.73,0.6,TRUE,metabolism
E-GEOD-39582,13,FAM51A,0.79,0.6,TRUE,matrix
E-GEOD-39582,13,FAM52A,0.63,0.6,TRUE,matrix
E-GEOD-39582,13,FAM53A,0.69,0.6,TRUE,matrix
E-GEOD-39582,13,FAM56A,0.71,0.6,TRUE,metabolism
E-GEOD-39582,13,FAM57A,0.69,0.6,TRUE,metabolism
E-GEOD-39582,13,FAM58A,0.7,0.6,TRUE,inflammation
E-GEOD-39582,13,FAM60A,0.68,0.6,TRUE,matrix
E-GEOD-39582,13,FAM61A,0.88,0.6,TRUE,inflammation
E-GEOD-39582,13,FAM63A,0.76,0.6,TRUE,metabolism
E-GEOD-39582,13,FAM66A,0.94,0.6,TRUE,matrix
E-GEOD-39582,13,FAM69A,0.68,0.6,TRUE,inflammation
E-GEOD-39582,13,FAM72A,0.65,0.6,TRUE,inflammation
E-GEOD-39582,13,FAM75A,0.94,0.6,TRUE,matrix
E-GEOD-39582,13,FAM79A,0.6,0.6,TRUE,matrix
E-GEOD-39582,13,FAM84A,0.84,0.6,TRUE,matrix
E-GEOD-39582,13,FAM90A,0.81,0.6,TRUE,metabolism
E-GEOD-39582,13,FAM92A,0.61,0.6,TRUE,inflammation
E-GEOD-39582,13,FAM94A,0.89,0.6,TRUE,matrix
E-GEOD-39582,13,FAM96A,0.94,0.6,TRUE,inflammation
E-GEOD-39582,13,FBLN5,0.89,0.6,TRUE,matrix
E-GEOD-39582,13,G6PD,0.7,0.6,TRUE,metabolism
E-GEOD-39582,13,GLUL,0.67,0.6,TRUE,metabolism
E-GEOD-39582,13,IL1B,0.76,0.6,TRUE,inflammation
E-GEOD-39582,13,ITGA5,0.84,0.6,TRUE,matrix
E-GEOD-39582,13,ITGB1,0.74,0.6,TRUE,matrix
E-GEOD-39582,13,MMP1,0.67,0.6,TRUE,matrix
E-GEOD-39582,13,MMP7,0.68,0.6,TRUE,matrix
E-GEOD-39582,13,NDUFA4,0.66,0.6,TRUE,metabolism
E-GEOD-39582,13,PFKP,0.91,0.6,TRUE,metabolism
E-GEOD-39582,13,PKM,0.7,0.6,TRUE,metabolism
E-GEOD-39582,13,PTGS2,0.82,0.6,TRUE,inflammation
E-GEOD-39582,13,RIPK2,0.67,0.6,TRUE,inflammation
E-GEOD-39582,13,SDHB,0.65,0.6,TRUE,metabolism
E-GEOD-39582,13,SDHC,0.62,0.6,TRUE,metabolism
E-GEOD-39582,13,SELE,0.91,0.6,TRUE,inflammation
E-GEOD-39582,13,SLC2A4,0.7,0.6,TRUE,metabolism
E-GEOD-39582,13,TGFBI,0.65,0.6,TRUE,matrix
E-GEOD-39582,13,TMEM102,0.93,0.6,TRUE,inflammation
E-GEOD-39582,13,TMEM103,0.8,0.6,TRUE,metabolism
E-GEOD-39582,13,TMEM108,0.93,0.6,TRUE,metabolism
E-GEOD-39582,13,TMEM111,0.6,0.6,TRUE,inflammation
E-GEOD-39582,13,TMEM112,0.78,0.6,TRUE,inflammation
E-GEOD-39582,13,TMEM114,0.81,0.6,TRUE,metabolism
E-GEOD-39582,13,TMEM117,0.61,0.6,TRUE,metabolism
E-GEOD-39582,13,TMEM119,0.64,0.6,TRUE,matrix
E-GEOD-39582,13,TMEM12,0.76,0.6,TRUE,inflammation
E-GEOD-39582,13,TMEM120,0.93,0.6,TRUE,matrix
E-GEOD-39582,13,TMEM121,0.65,0.6,TRUE,inflammation
E-GEOD-39582,13,TMEM126,0.87,0.6,TRUE,matrix
E-GEOD-39582,13,TMEM127,0.88,0.6,TRUE,inflammation
E-GEOD-39582,13,TMEM130,0.82,0.6,TRUE,metabolism
E-GEOD-39582,13,TMEM131,0.76,0.6,TRUE,inflammation
E-GEOD-39582,13,TMEM132,0.89,0.6,TRUE,inflammation
E-GEOD-39582,13,TMEM133,0.65,0.6,TRUE,inflammation
E-GEOD-39582,13,TMEM134,0.68,0.6,TRUE,matrix
E-GEOD-39582,13,TMEM140,0.78,0.6,TRUE,inflammation
E-GEOD-39582,13,TMEM145,0.72,0.6,TRUE,metabolism
E-GEOD-39582,13,TMEM146,0.66,0.6,TRUE,metabolism
E-GEOD-39582,13,TMEM153,0.97,0.6,TRUE,inflammation
E-GEOD-39582,13,TMEM16,0.89,0.6,TRUE,metabolism
E-GEOD-39582,13,TMEM160,0.71,0.6,TRUE,matrix
E-GEOD-39582,13,TMEM162,0.95,0.6,TRUE,matrix
E-GEOD-39582,13,TMEM165,0.78,0.6,TRUE,inflammation
E-GEOD-39582,13,TMEM166,0.85,0.6,TRUE,matrix
E-GEOD-39582,13,TMEM172,0.9,0.6,TRUE,matrix
E-GEOD-39582,13,TMEM175,0.71,0.6,TRUE,metabolism
E-GEOD-39582,13,TMEM177,0.91,0.6,TRUE,inflammation
E-GEOD-39582,13,TMEM179,0.64,0.6,TRUE,metabolism
E-GEOD-39582,13,TMEM180,0.91,0.6,TRUE,matrix
E-GEOD-39582,13,TMEM183,0.82,0.6,TRUE,matrix
E-GEOD-39582,13,TMEM184,0.66,0.6,TRUE,inflammation
E-GEOD-39582,13,TMEM186,0.64,0.6,TRUE,matrix
E-GEOD-39582,13,TMEM19,0.88,0.6,TRUE,metabolism
E-GEOD-39582,13,TMEM190,0.75,0.6,TRUE,metabolism
E-GEOD-39582,13,TMEM191,0.83,0.6,TRUE,inflammation
E-GEOD-39582,13,TMEM193,0.66,0.6,TRUE,inflammation
E-GEOD-39582,13,TMEM196,0.88,0.6,TRUE,matrix
E-GEOD-39582,13,TMEM197,0.9,0.6,TRUE,metabolism
E-GEOD-39582,13,TMEM203,0.72,0.6,TRUE,metabolism
E-GEOD-39582,13,TMEM208,0.89,0.6,TRUE,metabolism
E-GEOD-39582,13,TMEM209,0.82,0.6,TRUE,matrix
E-GEOD-39582,13,TMEM21,0.66,0.6,TRUE,inflammation
E-GEOD-39582,13,TMEM28,0.86,0.6,TRUE,inflammation
E-GEOD-39582,13,TMEM31,0.88,0.6,TRUE,inflammation
E-GEOD-39582,13,TMEM33,0.83,0.6,TRUE,inflammation
E-GEOD-39582,13,TMEM34,0.82,0.6,TRUE,inflammation
E-GEOD-39582,13,TMEM35,0.65,0.6,TRUE,matrix
E-GEOD-39582,13,TMEM36,0.76,0.6,TRUE,inflammation
E-GEOD-39582,13,TMEM37,0.82,0.6,TRUE,inflammation
E-GEOD-39582,13,TMEM44,0.79,0.6,TRUE,metabolism
E-GEOD-39582,13,TMEM45,0.73,0.6,TRUE,metabolism
E-GEOD-39582,13,TMEM48,0.9,0.6,TRUE,metabolism
E-GEOD-39582,13,TMEM50,0.95,0.6,TRUE,matrix
E-GEOD-39582,13,TMEM58,0.69,0.6,TRUE,matrix
E-GEOD-39582,13,TMEM60,0.94,0.6,TRUE,metabolism
E-GEOD-39582,13,TMEM62,0.92,0.6,TRUE,matrix
E-GEOD-39582,13,TMEM65,0.63,0.6,TRUE,matrix
E-GEOD-39582,13,TMEM69,0.95,0.6,TRUE,metabolism
E-GEOD-39582,13,TMEM71,0.68,0.6,TRUE,matrix
E-GEOD-39582,13,TMEM74,0.74,0.6,TRUE,matrix
E-GEOD-39582,13,TMEM78,0.7,0.6,TRUE,matrix
E-GEOD-39582,13,TMEM83,0.92,0.6,TRUE,inflammation
E-GEOD-39582,13,TMEM84,0.65,0.6,TRUE,matrix
E-GEOD-39582,13,TMEM89,0.78,0.6,TRUE,matrix
E-GEOD-39582,13,TMEM90,0.82,0.6,TRUE,matrix
E-GEOD-39582,13,TMEM92,0.84,0.6,TRUE,metabolism
E-GEOD-39582,13,TMEM94,0.66,0.6,TRUE,matrix
E-GEOD-39582,13,TMEM95,0.61,0.6,TRUE,metabolism
E-GEOD-39582,13,TMEM98,0.66,0.6,TRUE,inflammation
E-GEOD-39582,13,TMEM99,0.89,0.6,TRUE,inflammation
E-GEOD-39582,13,TRAF6,0.62,0.6,TRUE,inflammation
E-GEOD-39582,13,ZNF101,0.65,0.6,TRUE,metabolism
E-GEOD-39582,13,ZNF105,0.81,0.6,TRUE,matrix
E-GEOD-39582,13,ZNF106,0.83,0.6,TRUE,inflammation
E-GEOD-39582,13,ZNF110,0.7,0.6,TRUE,generic
E-GEOD-39582,13,ZNF111,0.71,0.6,TRUE,metabolism
E-GEOD-39582,13,ZNF115,0.91,0.6,TRUE,metabolism
E-GEOD-39582,13,ZNF116,0.67,0.6,TRUE,metabolism
E-GEOD-39582,13,ZNF118,0.62,0.6,TRUE,matrix
E-GEOD-39582,13,ZNF125,0.71,0.6,TRUE,matrix
E-GEOD-39582,13,ZNF127,0.89,0.6,TRUE,matrix
E-GEOD-39582,13,ZNF128,0.74,0.6,TRUE,matrix
E-GEOD-39582,13,ZNF129,0.66,0.6,TRUE,generic
E-GEOD-39582,13,ZNF130,0.78,0.6,TRUE,metabolism
E-GEOD-39582,13,ZNF134,0.87,0.6,TRUE,metabolism
E-GEOD-39582,13,ZNF135,0.92,0.6,TRUE,matrix
E-GEOD-39582,13,ZNF136,0.92,0.6,TRUE,matrix
E-GEOD-39582,13,ZNF138,0.62,0.6,TRUE,metabolism
E-GEOD-39582,13,ZNF140,0.91,0.6,TRUE,metabolism
E-GEOD-39582,13,ZNF142,0.66,0.6,TRUE,inflammation
E-GEOD-39582,13,ZNF143,0.6,0.6,TRUE,generic
E-GEOD-39582,13,ZNF146,0.75,0.6,TRUE,matrix
E-GEOD-39582,13,ZNF147,0.69,0.6,TRUE,generic
E-GEOD-39582,13,ZNF149,0.77,0.6,TRUE,inflammation
E-GEOD-39582,13,ZNF152,0.67,0.6,TRUE,matrix
E-GEOD-39582,13,ZNF153,0.64,0.6,TRUE,generic
E-GEOD-39582,13,ZNF156,0.7,0.6,TRUE,inflammation
E-GEOD-39582,13,ZNF157,0.71,0.6,TRUE,metabolism
E-GEOD-39582,13,ZNF160,0.73,0.6,TRUE,inflammation
E-GEOD-39582,13,ZNF162,0.73,0.6,TRUE,metabolism
E-GEOD-39582,13,ZNF163,0.81,0.6,TRUE,metabolism
E-GEOD-39582,13,ZNF164,0.78,0.6,TRUE,inflammation
E-GEOD-39582,13,ZNF166,0.78,0.6,TRUE,inflammation
E-GEOD-39582,13,ZNF167,0.84,0.6,TRUE,matrix
E-GEOD-39582,13,ZNF169,0.66,0.6,TRUE,inflammation
E-GEOD-39582,13,ZNF173,0.76,0.6,TRUE,inflammation
E-GEOD-39582,13,ZNF175,0.84,0.6,TRUE,matrix
E-GEOD-39582,13,ZNF180,0.71,0.6,TRUE,matrix
E-GEOD-39582,13,ZNF181,0.81,0.6,TRUE,metabolism
E-GEOD-39582,13,ZNF188,0.98,0.6,TRUE,generic
E-GEOD-39582,13,ZNF189,0.98,0.6,TRUE,matrix
E-GEOD-39582,13,ZNF198,0.62,0.6,TRUE,generic
E-GEOD-39582,13,ZNF199,0.65,0.6,TRUE,inflammation
E-GEOD-39582,13,ZNF204,0.75,0.6,TRUE,inflammation
E-GEOD-39582,13,ZNF205,0.75,0.6,TRUE,generic
E-GEOD-39582,13,ZNF206,0.66,0.6,TRUE,generic
E-GEOD-39582,13,ZNF209,0.84,0.6,TRUE,metabolism
E-GEOD-39582,13,ZNF212,0.86,0.6,TRUE,inflammation
E-GEOD-39582,13,ZNF213,0.69,0.6,TRUE,matrix
E-GEOD-39582,13,ZNF217,0.79,0.6,TRUE,matrix
E-GEOD-39582,13,ZNF218,0.93,0.6,TRUE,inflammation
E-GEOD-39582,13,ZNF221,0.93,0.6,TRUE,matrix
E-GEOD-39582,13,ZNF222,0.87,0.6,TRUE,inflammation
E-GEOD-39582,13,ZNF224,0.69,0.6,TRUE,generic
E-GEOD-39582,13,ZNF225,0.82,0.6,TRUE,generic
E-GEOD-39582,13,ZNF226,0.63,0.6,TRUE,metabolism
E-GEOD-39582,13,ZNF228,0.67,0.6,TRUE,matrix
E-GEOD-39582,13,ZNF229,0.77,0.6,TRUE,generic
E-GEOD-39582,13,ZNF231,0.74,0.6,TRUE,matrix
E-GEOD-39582,13,ZNF233,0.83,0.6,TRUE,inflammation
E-GEOD-39582,13,ZNF234,0.9,0.6,TRUE,inflammation
E-GEOD-39582,13,ZNF238,0.74,0.6,TRUE,inflammation
E-GEOD-39582,13,ZNF240,0.79,0.6,TRUE,inflammation
E-GEOD-39582,13,ZNF242,0.69,0.6,TRUE,matrix
E-GEOD-39582,13,ZNF243,0.89,0.6,TRUE,inflammation
E-GEOD-39582,13,ZNF244,0.67,0.6,TRUE,inflammation
E-GEOD-39582,13,ZNF246,0.94,0.6,TRUE,matrix
E-GEOD-39582,13,ZNF247,0.83,0.6,TRUE,inflammation
E-GEOD-39582,13,ZNF251,0.93,0.6,TRUE,generic
E-GEOD-39582,13,ZNF252,0.77,0.6,TRUE,inflammation
E-GEOD-39582,13,ZNF253,0.8,0.6,TRUE,inflammation
E-GEOD-39582,13,ZNF267,0.89,0.6,TRUE,matrix
E-GEOD-39582,13,ZNF273,0.73,0.6,TRUE,matrix
E-GEOD-39582,13,ZNF276,0.93,0.6,TRUE,matrix
E-GEOD-39582,13,ZNF277,0.63,0.6,TRUE,inflammation
E-GEOD-39582,13,ZNF281,0.81,0.6,TRUE,matrix
E-GEOD-39582,13,ZNF282,0.93,0.6,TRUE,metabolism
E-GEOD-39582,13,ZNF291,0.7,0.6,TRUE,generic
E-GEOD-39582,13,ZNF292,0.61,0.6,TRUE,matrix
E-GEOD-39582,13,ZNF293,0.96,0.6,TRUE,generic
E-GEOD-39582,13,ZNF295,0.73,0.6,TRUE,matrix
E-GEOD-39582,13,ZNF298,0.92,0.6,TRUE,inflammation
E-GEOD-39582,13,ZNF299,0.74,0.6,TRUE,matrix
E-GEOD-39582,13,ZNF301,0.73,0.6,TRUE,matrix
E-GEOD-39582,13,ZNF304,0.68,0.6,TRUE,inflammation
E-GEOD-39582,13,ZNF309,0.89,0.6,TRUE,inflammation
E-GEOD-39582,13,ZNF312,0.91,0.6,TRUE,matrix
E-GEOD-39582,13,ZNF314,0.92,0.6,TRUE,inflammation
E-GEOD-39582,13,ZNF315,0.85,0.6,TRUE,inflammation
E-GEOD-39582,13,ZNF318,0.95,0.6,TRUE,inflammation
E-GEOD-39582,13,ZNF321,0.72,0.6,TRUE,inflammation
E-GEOD-39582,13,ZNF322,0.64,0.6,TRUE,inflammation
E-GEOD-39582,13,ZNF324,0.74,0.6,TRUE,metabolism
E-GEOD-39582,13,ZNF325,0.68,0.6,TRUE,inflammation
E-GEOD-39582,13,ZNF326,0.91,0.6,TRUE,inflammation
E-GEOD-39582,13,ZNF330,0.82,0.6,TRUE,metabolism
E-GEOD-39582,13,ZNF332,0.7,0.6,TRUE,metabolism
E-GEOD-39582,13,ZNF335,0.64,0.6,TRUE,metabolism
E-GEOD-39582,13,ZNF336,0.84,0.6,TRUE,matrix
E-GEOD-39582,13,ZNF338,0.78,0.6,TRUE,inflammation
E-GEOD-39582,13,ZNF341,0.96,0.6,TRUE,metabolism
E-GEOD-39582,13,ZNF343,0.89,0.6,TRUE,matrix
E-GEOD-39582,13,ZNF346,0.85,0.6,TRUE,generic
E-GEOD-39582,13,ZNF347,0.83,0.6,TRUE,matrix
E-GEOD-39582,13,ZNF358,0.83,0.6,TRUE,matrix
E-GEOD-39582,13,ZNF360,0.85,0.6,TRUE,inflammation
E-GEOD-39582,13,ZNF362,0.78,0.6,TRUE,inflammation
E-GEOD-39582,13,ZNF366,0.95,0.6,TRUE,matrix
E-GEOD-39582,13,ZNF368,0.64,0.6,TRUE,metabolism
E-GEOD-39582,13,ZNF371,0.91,0.6,TRUE,metabolism
E-GEOD-39582,13,ZNF372,0.85,0.6,TRUE,metabolism
E-GEOD-39582,13,ZNF373,0.68,0.6,TRUE,inflammation
E-GEOD-39582,13,ZNF378,0.67,0.6,TRUE,inflammation
E-GEOD-39582,13,ZNF379,0.8,0.6,TRUE,inflammation
E-GEOD-39582,13,ZNF380,0.86,0.6,TRUE,inflammation
E-GEOD-39582,13,ZNF384,0.87,0.6,TRUE,matrix
E-GEOD-39582,13,ZNF385,0.6,0.6,TRUE,matrix
E-GEOD-39582,13,ZNF386,0.85,0.6,TRUE,metabolism
E-GEOD-39582,13,ZNF387,0.81,0.6,TRUE,generic
E-GEOD-39582,13,ZNF388,0.79,0.6,TRUE,generic
E-GEOD-39582,13,ZNF389,0.88,0.6,TRUE,metabolism
E-GEOD-39582,13,ZNF398,0.93,0.6,TRUE,inflammation
E-GEOD-39582,13,ZNF399,0.91,0.6,TRUE,metabolism
E-GEOD-39582,13,ZNF400,0.8,0.6,TRUE,generic
E-GEOD-39582,13,ZNF401,0.74,0.6,TRUE,inflammation
E-GEOD-39582,13,ZNF402,0.88,0.6,TRUE,inflammation
E-GEOD-39582,13,ZNF403,0.93,0.6,TRUE,inflammation
E-GEOD-39582,13,ZNF406,0.9,0.6,TRUE,metabolism
E-GEOD-39582,13,ZNF408,0.83,0.6,TRUE,inflammation
E-GEOD-39582,13,ZNF410,0.77,0.6,TRUE,inflammation
E-GEOD-39582,13,ZNF415,0.94,0.6,TRUE,matrix
E-GEOD-39582,13,ZNF417,0.7,0.6,TRUE,matrix
E-GEOD-39582,13,ZNF420,0.72,0.6,TRUE,matrix
E-GEOD-39582,13,ZNF421,0.8,0.6,TRUE,matrix
E-GEOD-39582,13,ZNF424,0.7,0.6,TRUE,matrix
E-GEOD-39582,13,ZNF432,0.76,0.6,TRUE,matrix
E-GEOD-39582,13,ZNF433,0.97,0.6,TRUE,matrix
E-GEOD-39582,13,ZNF436,0.79,0.6,TRUE,inflammation
E-GEOD-39582,13,ZNF438,0.89,0.6,TRUE,metabolism
E-GEOD-39582,13,ZNF441,0.77,0.6,TRUE,inflammation
E-GEOD-39582,13,ZNF442,0.86,0.6,TRUE,inflammation
E-GEOD-39582,13,ZNF447,0.82,0.6,TRUE,matrix
E-GEOD-39582,13,ZNF448,0.75,0.6,TRUE,matrix
E-GEOD-39582,13,ZNF450,0.78,0.6,TRUE,metabolism
E-GEOD-39582,13,ZNF451,0.71,0.6,TRUE,inflammation
E-GEOD-39582,13,ZNF456,0.76,0.6,TRUE,inflammation
E-GEOD-39582,13,ZNF458,0.66,0.6,TRUE,matrix
E-GEOD-39582,13,ZNF459,0.81,0.6,TRUE,matrix
E-GEOD-39582,13,ZNF461,0.92,0.6,TRUE,inflammation
E-GEOD-39582,13,ZNF466,0.86,0.6,TRUE,matrix
E-GEOD-39582,13,ZNF467,0.92,0.6,TRUE,inflammation
E-GEOD-39582,13,ZNF469,0.92,0.6,TRUE,generic
E-GEOD-39582,13,ZNF471,0.85,0.6,TRUE,inflammation
E-GEOD-39582,13,ZNF475,0.72,0.6,TRUE,metabolism
E-GEOD-39582,13,ZNF477,0.66,0.6,TRUE,inflammation
E-GEOD-39582,13,ZNF479,0.84,0.6,TRUE,inflammation
E-GEOD-39582,13,ZNF480,0.98,0.6,TRUE,matrix
E-GEOD-39582,13,ZNF481,0.69,0.6,TRUE,matrix
E-GEOD-39582,13,ZNF485,0.92,0.6,TRUE,inflammation
E-GEOD-39582,13,ZNF490,0.89,0.6,TRUE,generic
E-GEOD-39582,13,ZNF491,0.71,0.6,TRUE,matrix
E-GEOD-39582,13,ZNF500,0.8,0.6,TRUE,metabolism
E-GEOD-39582,13,ZNF504,0.64,0.6,TRUE,metabolism
E-GEOD-39582,13,ZNF505,0.92,0.6,TRUE,matrix
E-GEOD-39582,13,ZNF506,0.8,0.6,TRUE,inflammation
E-GEOD-39582,13,ZNF508,0.83,0.6,TRUE,inflammation
E-GEOD-39582,13,ZNF509,0.78,0.6,TRUE,metabolism
E-GEOD-39582,13,ZNF518,0.68,0.6,TRUE,matrix
E-GEOD-39582,13,ZNF519,0.75,0.6,TRUE,metabolism
E-GEOD-39582,13,ZNF520,0.98,0.6,TRUE,metabolism
E-GEOD-39582,13,ZNF522,0.91,0.6,TRUE,matrix
E-GEOD-39582,13,ZNF524,0.84,0.6,TRUE,inflammation
E-GEOD-39582,13,ZNF534,0.85,0.6,TRUE,inflammation
E-GEOD-39582,13,ZNF535,0.94,0.6,TRUE,generic
E-GEOD-39582,13,ZNF536,0.91,0.6,TRUE,inflammation
E-GEOD-39582,13,ZNF539,0.83,0.6,TRUE,matrix
E-GEOD-39582,13,ZNF542,0.77,0.6,TRUE,matrix
E-GEOD-39582,13,ZNF546,0.66,0.6,TRUE,metabolism
E-GEOD-39582,13,ZNF547,0.86,0.6,TRUE,metabolism
E-GEOD-39582,13,ZNF555,0.74,0.6,TRUE,inflammation
E-GEOD-39582,13,ZNF558,0.64,0.6,TRUE,metabolism
E-GEOD-39582,13,ZNF563,0.72,0.6,TRUE,generic
E-GEOD-39582,13,ZNF569,0.69,0.6,TRUE,inflammation
E-GEOD-39582,13,ZNF570,0.63,0.6,TRUE,matrix
E-GEOD-39582,13,ZNF576,0.72,0.6,TRUE,inflammation
E-GEOD-39582,13,ZNF582,0.83,0.6,TRUE,matrix
E-GEOD-39582,13,ZNF589,0.8,0.6,TRUE,inflammation
E-GEOD-39582,13,ZNF593,0.95,0.6,TRUE,inflammation
E-GEOD-39582,13,ZNF596,0.73,0.6,TRUE,inflammation
E-GEOD-39582,13,ZNF597,0.79,0.6,TRUE,metabolism
E-GEOD-39582,13,ZNF600,0.88,0.6,TRUE,inflammation
E-GEOD-39716,14,FAM110A,0.63,0.6,TRUE,signaling
E-GEOD-39716,14,FAM38A,0.67,0.6,TRUE,signaling
E-GEOD-39716,14,FAM44A,0.77,0.6,TRUE,cellular_response
E-GEOD-39716,14,FAM46A,0.97,0.6,TRUE,cellular_response
E-GEOD-39716,14,FAM72A,0.94,0.6,TRUE,signaling
E-GEOD-39716,14,FAM89A,0.89,0.6,TRUE,signaling
E-GEOD-39716,14,FAM95A,0.66,0.6,TRUE,cellular_response
E-GEOD-39716,14,JUN,0.74,0.6,TRUE,signaling
E-GEOD-39716,14,TMEM106,0.8,0.6,TRUE,signaling
E-GEOD-39716,14,ZNF142,0.86,0.6,TRUE,signaling
E-GEOD-39716,14,ZNF185,0.87,0.6,TRUE,generic
E-GEOD-39716,14,ZNF221,0.77,0.6,TRUE,cellular_response
E-GEOD-39716,14,ZNF270,0.82,0.6,TRUE,generic
E-GEOD-39716,14,ZNF338,0.67,0.6,TRUE,cellular_response
E-GEOD-39716,14,ZNF342,0.81,0.6,TRUE,cellular_response
E-GEOD-39716,14,ZNF516,0.61,0.6,TRUE,generic
E-GEOD-39716,14,ZNF598,0.72,0.6,TRUE,signaling
E-GEOD-44077,15,COL4A1,0.93,0.6,TRUE,matrix
E-GEOD-44077,15,FAM123A,0.96,0.6,TRUE,adhesion
E-GEOD-44077,15,FAM127A,0.94,0.6,TRUE,matrix
E-GEOD-44077,15,FAM22A,0.7,0.6,TRUE,differentiation
E-GEOD-44077,15,FAM25A,0.79,0.6,TRUE,matrix
E-GEOD-44077,15,FAM89A,0.62,0.6,TRUE,differentiation
E-GEOD-44077,15,FAM93A,0.91,0.6,TRUE,adhesion
E-GEOD-44077,15,ITGA1,0.77,0.6,TRUE,adhesion
E-GEOD-44077,15,TMEM110,0.86,0.6,TRUE,adhesion
E-GEOD-44077,15,TMEM125,0.61,0.6,TRUE,adhesion
E-GEOD-44077,15,TMEM151,0.88,0.6,TRUE,matrix
E-GEOD-44077,15,TMEM17,0.67,0.6,TRUE,adhesion
E-GEOD-44077,15,TMEM18,0.78,0.6,TRUE,adhesion
E-GEOD-44077,15,TMEM188,0.71,0.6,TRUE,matrix
E-GEOD-44077,15,TMEM208,0.87,0.6,TRUE,matrix
E-GEOD-44077,15,TMEM83,0.68,0.6,TRUE,differentiation
E-GEOD-44077,15,TMEM93,0.73,0.6,TRUE,differentiation
E-GEOD-44077,15,TMEM98,0.63,0.6,TRUE,differentiation
E-GEOD-44077,15,ZNF105,0.77,0.6,TRUE,matrix
E-GEOD-44077,15,ZNF132,0.84,0.6,TRUE,adhesion
E-GEOD-44077,15,ZNF138,0.93,0.6,TRUE,differentiation
E-GEOD-44077,15,ZNF139,0.89,0.6,TRUE,matrix
E-GEOD-44077,15,ZNF154,0.75,0.6,TRUE,differentiation
E-GEOD-44077,15,ZNF183,0.78,0.6,TRUE,generic
E-GEOD-44077,15,ZNF194,0.63,0.6,TRUE,generic
E-GEOD-44077,15,ZNF232,0.79,0.6,TRUE,matrix
E-GEOD-44077,15,ZNF242,0.77,0.6,TRUE,adhesion
E-GEOD-44077,15,ZNF248,0.79,0.6,TRUE,adhesion
E-GEOD-44077,15,ZNF306,0.8,0.6,TRUE,matrix
E-GEOD-44077,15,ZNF320,0.93,0.6,TRUE,adhesion
E-GEOD-44077,15,ZNF323,0.72,0.6,TRUE,matrix
E-GEOD-44077,15,ZNF336,0.65,0.6,TRUE,matrix
E-GEOD-44077,15,ZNF361,0.68,0.6,TRUE,adhesion
E-GEOD-44077,15,ZNF376,0.68,0.6,TRUE,adhesion
E-GEOD-44077,15,ZNF391,0.65,0.6,TRUE,matrix
E-GEOD-44077,15,ZNF392,0.87,0.6,TRUE,differentiation
E-GEOD-44077,15,ZNF433,0.89,0.6,TRUE,adhesion
E-GEOD-44077,15,ZNF453,0.82,0.6,TRUE,adhesion
E-GEOD-44077,15,ZNF456,0.83,0.6,TRUE,differentiation
E-GEOD-44077,15,ZNF478,0.85,0.6,TRUE,differentiation
E-GEOD-44077,15,ZNF487,0.79,0.6,TRUE,differentiation
E-GEOD-44077,15,ZNF505,0.68,0.6,TRUE,adhesion
E-GEOD-44077,15,ZNF507,0.63,0.6,TRUE,adhesion
E-GEOD-44077,15,ZNF528,0.84,0.6,TRUE,differentiation
E-GEOD-44077,15,ZNF548,0.94,0.6,TRUE,matrix
E-GEOD-44077,15,ZNF569,0.65,0.6,TRUE,matrix
E-GEOD-47460,16,CCL7,0.9,0.6,TRUE,immune
E-GEOD-47460,16,CXCL11,0.7,0.6,TRUE,immune
E-GEOD-47460,16,FAM19A,0.78,0.6,TRUE,communication
E-GEOD-47460,16,FAM26A,0.79,0.6,TRUE,immune
E-GEOD-47460,16,FAM44A,0.7,0.6,TRUE,communication
E-GEOD-47460,16,FAM63A,0.79,0.6,TRUE,communication
E-GEOD-47460,16,HLA-DRB1,0.6,0.6,TRUE,immune
E-GEOD-47460,16,MET,0.6,0.6,TRUE,communication
E-GEOD-47460,16,PSMB9,0.94,0.6,TRUE,immune
E-GEOD-47460,16,TMEM103,0.94,0.6,TRUE,immune
E-GEOD-47460,16,TMEM149,0.7,0.6,TRUE,communication
E-GEOD-47460,16,TMEM18,0.89,0.6,TRUE,communication
E-GEOD-47460,16,TMEM182,0.87,0.6,TRUE,communication
E-GEOD-47460,16,TMEM191,0.86,0.6,TRUE,immune
E-GEOD-47460,16,TMEM198,0.6,0.6,TRUE,communication
E-GEOD-47460,16,TMEM200,0.94,0.6,TRUE,communication
E-GEOD-47460,16,TMEM53,0.81,0.6,TRUE,immune
E-GEOD-47460,16,TMEM56,0.8,0.6,TRUE,immune
E-GEOD-47460,16,TMEM65,0.64,0.6,TRUE,immune
E-GEOD-47460,16,TMEM90,0.69,0.6,TRUE,communication
E-GEOD-47460,16,ZNF125,0.79,0.6,TRUE,immune
E-GEOD-47460,16,ZNF166,0.72,0.6,TRUE,immune
E-GEOD-47460,16,ZNF211,0.94,0.6,TRUE,immune
E-GEOD-47460,16,ZNF256,0.79,0.6,TRUE,communication
E-GEOD-47460,16,ZNF265,0.85,0.6,TRUE,communication
E-GEOD-47460,16,ZNF282,0.62,0.6,TRUE,communication
E-GEOD-47460,16,ZNF297,0.74,0.6,TRUE,immune
E-GEOD-47460,16,ZNF298,0.85,0.6,TRUE,immune
E-GEOD-47460,16,ZNF327,0.82,0.6,TRUE,immune
E-GEOD-47460,16,ZNF358,0.74,0.6,TRUE,communication
E-GEOD-47460,16,ZNF387,0.64,0.6,TRUE,immune
E-GEOD-47460,16,ZNF403,0.9,0.6,TRUE,immune
E-GEOD-47460,16,ZNF464,0.67,0.6,TRUE,generic
E-GEOD-47460,16,ZNF474,0.75,0.6,TRUE,communication
E-GEOD-47460,16,ZNF517,0.69,0.6,TRUE,communication
E-GEOD-47460,16,ZNF535,0.91,0.6,TRUE,generic
E-GEOD-47460,16,ZNF551,0.85,0.6,TRUE,communication
E-GEOD-47460,16,ZNF573,0.73,0.6,TRUE,communication
E-GEOD-47460,16,ZNF583,0.88,0.6,TRUE,immune
E-GEOD-63270,17,FAM131A,0.96,0.6,TRUE,host_response
E-GEOD-63270,17,FAM133A,0.83,0.6,TRUE,signaling
E-GEOD-63270,17,FAM157A,0.71,0.6,TRUE,signaling
E-GEOD-63270,17,FAM31A,0.67,0.6,TRUE,host_response
E-GEOD-63270,17,FAM66A,0.78,0.6,TRUE,host_response
E-GEOD-63270,17,MAP2K2,0.71,0.6,TRUE,signaling
E-GEOD-63270,17,TMEM177,0.84,0.6,TRUE,host_response
E-GEOD-63270,17,TMEM50,0.88,0.6,TRUE,signaling
E-GEOD-63270,17,ZNF132,0.76,0.6,TRUE,signaling
E-GEOD-63270,17,ZNF162,0.6,0.6,TRUE,signaling
E-GEOD-63270,17,ZNF175,0.82,0.6,TRUE,host_response
E-GEOD-63270,17,ZNF206,0.7,0.6,TRUE,host_response
E-GEOD-63270,17,ZNF245,0.93,0.6,TRUE,signaling
E-GEOD-63270,17,ZNF351,0.62,0.6,TRUE,signaling
E-GEOD-63270,17,ZNF415,0.64,0.6,TRUE,host_response
E-GEOD-63270,17,ZNF450,0.89,0.6,TRUE,signaling
E-GEOD-63270,17,ZNF565,0.94,0.6,TRUE,signaling
E-GEOD-63270,17,ZNF597,0.79,0.6,TRUE,host_response
E-GEOD-63885,18,FAM90A,0.94,0.6,TRUE,transport
E-GEOD-63885,18,SMAD3,0.73,0.6,TRUE,development
E-GEOD-63885,18,SMAD7,0.62,0.6,TRUE,development
E-GEOD-63885,18,TMEM184,0.89,0.6,TRUE,development
E-GEOD-63885,18,ZNF160,0.64,0.6,TRUE,transport
E-GEOD-63885,18,ZNF285,0.77,0.6,TRUE,generic
E-GEOD-63885,18,ZNF292,0.8,0.6,TRUE,development
E-GEOD-63885,18,ZNF341,0.75,0.6,TRUE,development
E-GEOD-63885,18,ZNF346,0.9,0.6,TRUE,development
E-GEOD-63885,18,ZNF349,0.67,0.6,TRUE,development
E-GEOD-63885,18,ZNF500,0.81,0.6,TRUE,transport
E-GEOD-63885,18,ZNF514,0.87,0.6,TRUE,generic
E-GEOD-63885,18,ZNF589,0.66,0.6,TRUE,generic
E-GEOD-65106,19,ZNF118,0.82,0.6,TRUE,generic
E-GEOD-65106,19,ZNF135,0.68,0.6,TRUE,generic
E-GEOD-65106,19,ZNF165,0.82,0.6,TRUE,generic
E-GEOD-65106,19,ZNF221,0.62,0.6,TRUE,generic
E-GEOD-65106,19,ZNF325,0.91,0.6,TRUE,generic
E-GEOD-6532,20,ATP5MC1,0.77,0.6,TRUE,metabolism
E-GEOD-6532,20,FAM89A,0.83,0.6,TRUE,metabolism
E-GEOD-6532,20,FAM96A,0.79,0.6,TRUE,inflammation
E-GEOD-6532,20,TMEM113,0.75,0.6,TRUE,metabolism
E-GEOD-6532,20,TMEM142,0.63,0.6,TRUE,metabolism
E-GEOD-6532,20,TMEM146,0.64,0.6,TRUE,metabolism
E-GEOD-6532,20,TMEM17,0.6,0.6,TRUE,metabolism
E-GEOD-6532,20,TMEM193,0.78,0.6,TRUE,metabolism
E-GEOD-6532,20,TMEM57,0.7,0.6,TRUE,inflammation
E-GEOD-6532,20,TMEM91,0.87,0.6,TRUE,inflammation
E-GEOD-6532,20,ZNF116,0.81,0.6,TRUE,inflammation
E-GEOD-6532,20,ZNF126,0.95,0.6,TRUE,inflammation
E-GEOD-6532,20,ZNF129,0.91,0.6,TRUE,inflammation
E-GEOD-6532,20,ZNF152,0.98,0.6,TRUE,generic
E-GEOD-6532,20,ZNF170,0.71,0.6,TRUE,inflammation
E-GEOD-6532,20,ZNF200,0.83,0.6,TRUE,inflammation
E-GEOD-6532,20,ZNF231,0.91,0.6,TRUE,metabolism
E-GEOD-6532,20,ZNF326,0.87,0.6,TRUE,inflammation
E-GEOD-6532,20,ZNF331,0.76,0.6,TRUE,metabolism
E-GEOD-6532,20,ZNF332,0.64,0.6,TRUE,inflammation
E-GEOD-6532,20,ZNF342,0.92,0.6,TRUE,inflammation
E-GEOD-6532,20,ZNF343,0.67,0.6,TRUE,metabolism
E-GEOD-6532,20,ZNF357,0.61,0.6,TRUE,generic
E-GEOD-6532,20,ZNF397,0.88,0.6,TRUE,metabolism
E-GEOD-6532,20,ZNF476,0.74,0.6,TRUE,inflammation
E-GEOD-6532,20,ZNF527,0.74,0.6,TRUE,inflammation
E-GEOD-6532,20,ZNF530,0.76,0.6,TRUE,metabolism
E-GEOD-6532,20,ZNF559,0.84,0.6,TRUE,inflammation
E-GEOD-66533,21,FAM109A,0.66,0.6,TRUE,stress
E-GEOD-66533,21,TMEM189,0.76,0.6,TRUE,membrane
E-GEOD-66533,21,TMEM24,0.79,0.6,TRUE,membrane
E-GEOD-66533,21,TMEM30,0.94,0.6,TRUE,membrane
E-GEOD-66533,21,TMEM80,0.9,0.6,TRUE,membrane
E-GEOD-66533,21,ZNF115,0.89,0.6,TRUE,membrane
E-GEOD-66533,21,ZNF195,0.66,0.6,TRUE,membrane
E-GEOD-66533,21,ZNF235,0.71,0.6,TRUE,stress
E-GEOD-66533,21,ZNF291,0.72,0.6,TRUE,stress
E-GEOD-66533,21,ZNF384,0.86,0.6,TRUE,membrane
E-GEOD-66533,21,ZNF410,0.81,0.6,TRUE,stress
E-GEOD-66533,21,ZNF445,0.63,0.6,TRUE,generic
E-GEOD-68468,22,FAM112A,0.6,0.6,TRUE,cytokine
E-GEOD-68468,22,FAM11A,0.75,0.6,TRUE,cytokine
E-GEOD-68468,22,FAM125A,0.67,0.6,TRUE,immune
E-GEOD-68468,22,FAM132A,0.69,0.6,TRUE,cytokine
E-GEOD-68468,22,FAM148A,0.85,0.6,TRUE,immune
E-GEOD-68468,22,FAM30A,0.76,0.6,TRUE,immune
E-GEOD-68468,22,FAM34A,0.87,0.6,TRUE,immune
E-GEOD-68468,22,FAM39A,0.71,0.6,TRUE,cytokine
E-GEOD-68468,22,FAM40A,0.78,0.6,TRUE,cytokine
E-GEOD-68468,22,FAM68A,0.78,0.6,TRUE,cytokine
E-GEOD-68468,22,FAM81A,0.97,0.6,TRUE,cytokine
E-GEOD-68468,22,FAM84A,0.74,0.6,TRUE,cytokine
E-GEOD-68468,22,FAM85A,0.86,0.6,TRUE,immune
E-GEOD-68468,22,OASL,0.68,0.6,TRUE,immune
E-GEOD-68468,22,TMEM109,0.61,0.6,TRUE,cytokine
E-GEOD-68468,22,TMEM120,0.7,0.6,TRUE,cytokine
E-GEOD-68468,22,TMEM127,0.61,0.6,TRUE,immune
E-GEOD-68468,22,TMEM140,0.94,0.6,TRUE,cytokine
E-GEOD-68468,22,TMEM151,0.75,0.6,TRUE,cytokine
E-GEOD-68468,22,TMEM154,0.8,0.6,TRUE,immune
E-GEOD-68468,22,TMEM180,0.85,0.6,TRUE,immune
E-GEOD-68468,22,TMEM187,0.68,0.6,TRUE,cytokine
E-GEOD-68468,22,TMEM20,0.83,0.6,TRUE,immune
E-GEOD-68468,22,TMEM39,0.79,0.6,TRUE,cytokine
E-GEOD-68468,22,TMEM74,0.65,0.6,TRUE,cytokine
E-GEOD-68468,22,TMEM89,0.84,0.6,TRUE,immune
E-GEOD-68468,22,ZNF107,0.63,0.6,TRUE,immune
E-GEOD-68468,22,ZNF119,0.66,0.6,TRUE,immune
E-GEOD-68468,22,ZNF146,0.94,0.6,TRUE,immune
E-GEOD-68468,22,ZNF210,0.84,0.6,TRUE,immune
E-GEOD-68468,22,ZNF216,0.64,0.6,TRUE,immune
E-GEOD-68468,22,ZNF250,0.74,0.6,TRUE,immune
E-GEOD-68468,22,ZNF306,0.93,0.6,TRUE,cytokine
E-GEOD-68468,22,ZNF334,0.91,0.6,TRUE,immune
E-GEOD-68468,22,ZNF336,0.77,0.6,TRUE,immune
E-GEOD-68468,22,ZNF347,0.93,0.6,TRUE,immune
E-GEOD-68468,22,ZNF412,0.9,0.6,TRUE,immune
E-GEOD-68468,22,ZNF416,0.7,0.6,TRUE,immune
E-GEOD-68468,22,ZNF433,0.86,0.6,TRUE,generic
E-GEOD-68468,22,ZNF437,0.85,0.6,TRUE,immune
E-GEOD-68468,22,ZNF444,0.85,0.6,TRUE,immune
E-GEOD-68468,22,ZNF455,0.72,0.6,TRUE,immune
E-GEOD-68468,22,ZNF462,0.71,0.6,TRUE,immune
E-GEOD-68468,22,ZNF491,0.95,0.6,TRUE,immune
E-GEOD-68468,22,ZNF497,0.74,0.6,TRUE,cytokine
E-GEOD-68468,22,ZNF498,0.91,0.6,TRUE,cytokine
E-GEOD-68468,22,ZNF526,0.68,0.6,TRUE,generic
E-GEOD-68468,22,ZNF531,0.84,0.6,TRUE,immune
E-GEOD-68468,22,ZNF539,0.92,0.6,TRUE,cytokine
E-GEOD-68468,22,ZNF541,0.83,0.6,TRUE,cytokine
E-GEOD-68468,22,ZNF570,0.61,0.6,TRUE,immune
E-GEOD-68468,22,ZNF581,0.73,0.6,TRUE,cytokine
E-GEOD-68606,23,EPCAM,0.82,0.6,TRUE,immune_lineage
E-GEOD-68606,23,FAM138A,0.92,0.6,TRUE,immune_lineage
E-GEOD-68606,23,FAM159A,0.6,0.6,TRUE,immune_lineage
E-GEOD-68606,23,FAM24A,0.91,0.6,TRUE,differentiation
E-GEOD-68606,23,FAM32A,0.72,0.6,TRUE,differentiation
E-GEOD-68606,23,FAM88A,0.96,0.6,TRUE,immune_lineage
E-GEOD-68606,23,GATA3,0.9,0.6,TRUE,differentiation
E-GEOD-68606,23,JAG1,0.72,0.6,TRUE,immune_lineage
E-GEOD-68606,23,SMAD7,0.8,0.6,TRUE,immune_lineage
E-GEOD-68606,23,TMEM13,0.72,0.6,TRUE,immune_lineage
E-GEOD-68606,23,TMEM167,0.84,0.6,TRUE,differentiation
E-GEOD-68606,23,TMEM204,0.6,0.6,TRUE,immune_lineage
E-GEOD-68606,23,TMEM208,0.63,0.6,TRUE,differentiation
E-GEOD-68606,23,TMEM37,0.77,0.6,TRUE,immune_lineage
E-GEOD-68606,23,TMEM60,0.74,0.6,TRUE,immune_lineage
E-GEOD-68606,23,ZNF147,0.68,0.6,TRUE,immune_lineage
E-GEOD-68606,23,ZNF158,0.79,0.6,TRUE,differentiation
E-GEOD-68606,23,ZNF174,0.79,0.6,TRUE,differentiation
E-GEOD-68606,23,ZNF186,0.76,0.6,TRUE,immune_lineage
E-GEOD-68606,23,ZNF194,0.83,0.6,TRUE,immune_lineage
E-GEOD-68606,23,ZNF235,0.69,0.6,TRUE,differentiation
E-GEOD-68606,23,ZNF269,0.85,0.6,TRUE,immune_lineage
E-GEOD-68606,23,ZNF322,0.65,0.6,TRUE,immune_lineage
E-GEOD-68606,23,ZNF328,0.87,0.6,TRUE,differentiation
E-GEOD-68606,23,ZNF378,0.9,0.6,TRUE,immune_lineage
E-GEOD-68606,23,ZNF400,0.86,0.6,TRUE,differentiation
E-GEOD-68606,23,ZNF469,0.67,0.6,TRUE,immune_lineage
E-GEOD-68606,23,ZNF486,0.81,0.6,TRUE,generic
E-GEOD-68606,23,ZNF558,0.93,0.6,TRUE,immune_lineage
E-GEOD-68606,23,ZNF566,0.72,0.6,TRUE,differentiation
E-GEOD-68606,23,ZNF594,0.65,0.6,TRUE,immune_lineage
E-GEOD-7307,24,ZNF157,0.89,0.6,TRUE,generic
E-GEOD-7307,24,ZNF258,0.6,0.6,TRUE,generic
E-GEOD-7307,24,ZNF314,0.82,0.6,TRUE,generic
E-GEOD-7307,24,ZNF399,0.82,0.6,TRUE,generic
E-GEOD-73685,25,FAM112A,0.97,0.6,TRUE,inflammation
E-GEOD-73685,25,FAM117A,0.69,0.6,TRUE,extracellular
E-GEOD-73685,25,FAM130A,0.74,0.6,TRUE,inflammation
E-GEOD-73685,25,FAM14A,0.88,0.6,TRUE,inflammation
E-GEOD-73685,25,FAM39A,0.87,0.6,TRUE,inflammation
E-GEOD-73685,25,FAM78A,0.66,0.6,TRUE,inflammation
E-GEOD-73685,25,FAM86A,0.83,0.6,TRUE,extracellular
E-GEOD-73685,25,PTGS2,0.68,0.6,TRUE,inflammation
E-GEOD-73685,25,THBS2,0.85,0.6,TRUE,extracellular
E-GEOD-73685,25,TMEM100,0.95,0.6,TRUE,inflammation
E-GEOD-73685,25,TMEM102,0.97,0.6,TRUE,inflammation
E-GEOD-73685,25,TMEM104,0.64,0.6,TRUE,extracellular
E-GEOD-73685,25,TMEM116,0.91,0.6,TRUE,inflammation
E-GEOD-73685,25,TMEM14,0.68,0.6,TRUE,inflammation
E-GEOD-73685,25,TMEM152,0.62,0.6,TRUE,extracellular
E-GEOD-73685,25,TMEM156,0.94,0.6,TRUE,extracellular
E-GEOD-73685,25,TMEM188,0.64,0.6,TRUE,inflammation
E-GEOD-73685,25,TMEM192,0.75,0.6,TRUE,inflammation
E-GEOD-73685,25,TMEM52,0.94,0.6,TRUE,extracellular
E-GEOD-73685,25,TMEM54,0.73,0.6,TRUE,inflammation
E-GEOD-73685,25,TMEM86,0.82,0.6,TRUE,inflammation
E-GEOD-73685,25,TMEM92,0.85,0.6,TRUE,extracellular
E-GEOD-73685,25,TRAF3,0.65,0.6,TRUE,inflammation
E-GEOD-73685,25,ZNF107,0.87,0.6,TRUE,extracellular
E-GEOD-73685,25,ZNF123,0.64,0.6,TRUE,generic
E-GEOD-73685,25,ZNF141,0.7,0.6,TRUE,inflammation
E-GEOD-73685,25,ZNF151,0.89,0.6,TRUE,inflammation
E-GEOD-73685,25,ZNF161,0.91,0.6,TRUE,extracellular
E-GEOD-73685,25,ZNF163,0.86,0.6,TRUE,generic
E-GEOD-73685,25,ZNF191,0.73,0.6,TRUE,extracellular
E-GEOD-73685,25,ZNF233,0.75,0.6,TRUE,inflammation
E-GEOD-73685,25,ZNF240,0.78,0.6,TRUE,inflammation
E-GEOD-73685,25,ZNF243,0.79,0.6,TRUE,generic
E-GEOD-73685,25,ZNF256,0.79,0.6,TRUE,inflammation
E-GEOD-73685,25,ZNF266,0.65,0.6,TRUE,generic
E-GEOD-73685,25,ZNF317,0.83,0.6,TRUE,inflammation
E-GEOD-73685,25,ZNF321,0.86,0.6,TRUE,extracellular
E-GEOD-73685,25,ZNF325,0.81,0.6,TRUE,generic
E-GEOD-73685,25,ZNF368,0.73,0.6,TRUE,generic
E-GEOD-73685,25,ZNF398,0.71,0.6,TRUE,extracellular
E-GEOD-73685,25,ZNF400,0.73,0.6,TRUE,inflammation
E-GEOD-73685,25,ZNF408,0.94,0.6,TRUE,inflammation
E-GEOD-73685,25,ZNF419,0.73,0.6,TRUE,inflammation
E-GEOD-73685,25,ZNF424,0.91,0.6,TRUE,inflammation
E-GEOD-73685,25,ZNF434,0.82,0.6,TRUE,extracellular
E-GEOD-73685,25,ZNF435,0.64,0.6,TRUE,inflammation
E-GEOD-73685,25,ZNF483,0.79,0.6,TRUE,inflammation
E-GEOD-73685,25,ZNF486,0.92,0.6,TRUE,extracellular
E-GEOD-73685,25,ZNF492,0.62,0.6,TRUE,generic
E-GEOD-73685,25,ZNF493,0.71,0.6,TRUE,extracellular
E-GEOD-73685,25,ZNF494,0.88,0.6,TRUE,generic
E-GEOD-73685,25,ZNF496,0.93,0.6,TRUE,generic
E-GEOD-73685,25,ZNF529,0.72,0.6,TRUE,inflammation
E-GEOD-73685,25,ZNF541,0.8,0.6,TRUE,extracellular
E-GEOD-73685,25,ZNF544,0.9,0.6,TRUE,inflammation
E-GEOD-73685,25,ZNF545,0.78,0.6,TRUE,generic
E-GEOD-73685,25,ZNF546,0.6,0.6,TRUE,extracellular
E-GEOD-73685,25,ZNF547,0.68,0.6,TRUE,inflammation
E-GEOD-73685,25,ZNF568,0.68,0.6,TRUE,inflammation
E-GEOD-73685,25,ZNF577,0.77,0.6,TRUE,extracellular
E-GEOD-73685,25,ZNF587,0.72,0.6,TRUE,extracellular
